1,Flesh and the Devil,Claudine Hirche,695255409-2
2,"Slumber Party Massacre, The",Alecia Polycote,057219088-3
3,"Clonus Horror, The",Demetris McAlester,198033622-9
4,"O Brother, Where Art Thou?",Kristyn Douch,870122662-2
5,Red Lights (Feux rouges),Therine Mc Grath,687466479-4
6,Fury,Lianne Mayhow,327997224-8
7,Alone for Christmas,Aksel D'Ambrogi,147671554-8
8,Rudy,Toinette Grigor,009053782-3
9,"Twilight Samurai, The (Tasogare Seibei)",Katy Titcomb,063954948-9
10,Neighbors,Maire Rive,839509939-8
11,"Bête humaine, La",Margarette Beals,286641275-3
12,Romeo and Juliet,Arlana Harriott,108479409-8
13,Blue Valentine,Caro Derrett,761507515-7
14,Music for One Apartment and Six Drummers,Bridget Sinkinson,760023852-7
15,Celeste and Jesse Forever (Celeste & Jesse Forever),Theodosia Ottery,853725553-X
16,Before Midnight,Dermot Cotterel,621321019-9
17,Solo ,Artie MacCafferky,190736999-6
18,Valley of Head Hunters,Yorker Filyaev,757057008-1
19,"She No Longer Talks, She Shoots",Welch Goldberg,556606918-5
20,BloodRayne,Andi Lithgow,947110857-8
21,Disco Dancer,Isabelita Janway,706987711-0
22,Firestarter,Tilda Schirak,702450665-2
23,Lisa Picard is Famous (a.k.a. Famous),Kathye Morphew,066419203-3
24,Sunday,Terrel McGlone,855244339-2
25,Around the World in 80 Days,Rosalinda Jeppe,694337852-X
26,Ronal the Barbarian,Pieter Tesche,175498085-6
27,Pianomania,Chloe Eacott,825581127-3
28,David Holzman's Diary,Shanda Slinn,688897414-6
29,There's Always Tomorrow,Teresita MacGorman,486923723-7
30,Night Train,Maximilianus Bernhard,946155190-8
31,Adam and Dog,Celene Penni,080293680-6
32,"Werewolf, The",Tildi O'Nions,524427717-0
33,Pure Country,Lynea Barroux,965895175-9
34,"Manitou, The",Ash Fenech,568687861-7
35,Dark Journey,Jannelle Petracci,680987525-5
36,Emergo (Apartment 143),Marlo Eggleson,996833582-7
37,Hoffman,Violante Corston,836599539-5
38,Without Warning,Elisabeth Truce,506857116-4
39,Crossfire,Winona Sousa,400380661-1
40,Toy Story of Terror,Lurline Sitlinton,782203582-7
41,Come See the Paradise,Katti Tarbath,010883385-2
42,Together (Han ni Zai Yiki),Enrico Knewstub,351893527-5
43,Tokyo Chorus (Tôkyô no kôrasu),Koral Betteriss,647856181-X
44,Il cappotto di legno,Bryn Yakushkin,378781277-6
45,Sleepwalk with Me,Camellia Yurchishin,317487160-3
46,Makai Tensho: Samurai Reincarnation (Makai tenshô),Kaiser Walling,295259089-3
47,Shameless (Maskeblomstfamilien ),Val Imlach,550984259-8
48,Shadrach,Serene Truelock,775348639-X
49,Idle Hands,Stanly Rix,928044347-X
50,Zatoichi's Pilgrimage (Zatôichi umi o wataru) (Zatôichi 14),Anselm Rookesby,877586804-0
51,Breaking the Girls ,Auguste Beamand,209842472-8
52,Boyfriends and Girlfriends (a.k.a. My Girlfriend's Boyfriend) (L'ami de mon amie),Maggy Etteridge,852710533-0
53,Charlie's Country,Felecia Linggood,622707076-9
54,"Profession of Arms, The (Il mestiere delle armi)",Matty Bennen,221766643-6
55,Man of the World,Cristal Popple,907696184-0
56,"Man in the Iron Mask, The",Odele Townes,287521878-6
57,"Irene, Go Home! (Irena do domu!)",Nerissa Burniston,236097837-3
58,Port of Shadows (Quai des brumes),Foss Witherspoon,153471557-6
59,Paradise: Love,Dyna Marlin,685433686-4
60,Hiding Out,Aluin Seeviour,765474577-X
61,Love Wrecked,Yorgos Perchard,914768976-5
62,Breakheart Pass,Eleanora Charrette,631671691-5
63,Middle of Nowhere,Keeley Rothermel,781310903-1
64,Libel,Marcello Barlace,348246917-2
65,"French Lieutenant's Woman, The",Frederik Cattonnet,713987067-5
66,Clonehunter,Alec Breens,055981846-7
67,Killer McCoy,Kory Kelemen,072719334-1
68,Chennai Express,Tilda Splain,359094843-4
69,Animal Love (Tierische Liebe),Philippa Nodes,184005836-6
70,Out On A Limb,Nap Donaldson,010664448-3
71,"Divo, Il",Isadore Witheridge,832292446-1
72,Fried Green Tomatoes,Mureil Chetham,465169140-4
73,"Serbian Film, A (Srpski film)",Brittaney De Matteis,973507834-1
74,Free to Play,Bunnie Agglione,103497842-X
75,Han Gong-ju,Mason Erb,664049761-1
76,"Man Who Saves the World, The (Dünyayi Kurtaran Adam)",Andeee Kennington,794830316-2
77,Dr. Wai in the Scriptures with No Words (Mao xian wang),Park MacLeod,913504073-4
78,Ju-on: The Grudge 2,Nichols Leatt,731280409-8
79,Tales from the Hood,Kitty Dimitriades,132513180-6
80,Hollywood Homicide,Keelia Brankley,038436263-X
81,Rock-A-Doodle,Claudie Jillings,414946418-9
82,Lupin III: Sweet Lost Night (Rupan Sansei: Sweet Lost Night),Dedie Pellitt,386864840-2
83,Just Imagine,Sandro Buzine,948491830-1
84,"Snowman, The",Fredra Salter,802293606-5
85,One Magic Christmas,Lilah Hendrik,818059676-1
86,Timecop,Blayne Linfoot,508789747-9
87,Zus & Zo,Catherine Dudny,221277738-8
88,Skhizein,Corinna Archard,141851623-6
89,"Blue Max, The",Archibald Sansum,799615287-X
90,Ishtar,Devonne Coster,266096434-3
91,Satisfaction (a.k.a. Girls of Summer),Delphine Audibert,876433498-8
92,"Sudden Wealth of the Poor People of Kombach, The (Der plötzliche Reichtum der armen Leute von Kombach)",Belva Martonfi,736551342-X
93,Rampo (a.k.a. The Mystery of Rampo),Barbi Whittock,816518177-7
94,Staten Island,Danika Charlin,855341011-0
95,Common Places (a.k.a. Common Ground) (Lugares comunes),Annadiane De Caroli,219888198-5
96,"Weather Man, The",Jenda Theseira,844837942-X
97,Frogs for Snakes,Otho Kyberd,580965786-9
98,"Devil Is a Woman, The",Haven Sprankling,843337181-9
99,India's Daughter,Bren Jonson,952972204-4
100,Spy Kids 2: The Island of Lost Dreams,Morley Strete,336299068-1
101,Landet som icke är,Zilvia Treadgall,625305416-3
102,Conan the Barbarian,Merla Pahl,703821077-7
103,Where Are My Children?,Erika Iannuzzi,294677470-8
104,Born to Dance,Tiffi Deeble,992343403-6
105,"Girl Next Door, The",Liza Theseira,771606975-6
106,Marci X,Murielle de Chastelain,128389483-1
107,Mouth to Mouth,Cecilla Gartan,626649110-9
108,Needing You... (Goo naam gwa neui),Kasper Standen,860915166-2
109,Back in the Day,Cart Kopf,785343139-2
110,Girls Will Be Girls,Carr Treher,535648254-X
111,Standing in the Shadows of Motown,Matelda Brasher,732781743-3
112,The Gold Spinners,Forest Earlam,766342077-2
113,Titus,Isadore Eltringham,979611562-X
114,Let the Fire Burn,Friedrick Tuma,053696205-7
115,When Worlds Collide,Elisha Ipsly,799470678-9
116,"Animal, The",Tootsie Mussetti,074635944-6
117,"Gas, Inspector Palmu! (Kaasua, komisario Palmu!)",Melinde Stannah,960792699-4
118,Love Steaks,Bobby Razoux,841022856-4
119,Dragon Ball Z: Dead Zone (Doragon bôru Z 1: Ora no Gohan wo kaese),Chen Revens,533170083-7
120,Best of the Best,Rubia Metzke,752801756-6
121,I Am the Law,Buckie Vasyuchov,120681001-7
122,Dragon Ball Z: The Return of Cooler (Doragon bôru Z 6: Gekitotsu! Hyakuoku pawâ no senshi),Bendite Duesberry,719297775-6
123,"Call of the Wild, The",Perla Perrott,102166944-X
124,Bring It On: Fight to the Finish,Finlay Ridesdale,829609522-X
125,White Lightnin',Leela McMennum,559514511-0
126,"Damsel in Distress, A",Zara Jerrolt,135161181-X
127,If These Walls Could Talk,Orazio Stratz,687893858-9
128,Ulysses (Ulisse),Massimiliano Bondy,048695921-X
129,"Woman in Black, The",Chrotoem Bonett,922993582-4
130,Up the Sandbox,Hagen St. Paul,591949002-0
131,Legends of the Canyon,Jyoti Mallord,489919863-9
132,Kaspar Hauser,Martie Lovat,104506808-X
133,StreetDance 3D,Johanna Luckie,870822029-8
134,Mister Buddwing,Afton Rayworth,003622531-2
135,3:10 to Yuma,Ronda Weatherill,088424494-6
136,Michael Shayne: Private Detective,Becca Aldwinckle,724274504-7
137,"Rebel, The (Le Rebelle)",Joachim Scarr,935942214-2
138,Arsenic and Old Lace,Page Bretherick,592163875-7
139,Antisocial,Maddy Klee,710165626-9
140,"Weather Man, The",Eamon Harnetty,465096113-0
141,"Minus Man, The",Jarid Glasheen,164480487-5
142,Matewan,Starlene Fynes,534487112-0
143,"Bunch Of Amateurs, A",Dexter Denisyev,747665595-8
144,Dragon Ball Z: Broly - The Legendary Super Saiyan (Doragon bôru Z 8: Moetsukiro!! Nessen retsusen-chô gekisen),Malcolm Coulman,616535296-0
145,"Santa Clause 2, The",Filia Bateup,143937979-3
146,"Goke, Body Snatcher from Hell (Kyuketsuki Gokemidoro)",Chastity Daouze,299183722-5
147,Kumaré,Northrup Cheel,306980276-1
148,Dead Silence,Judie Gritsunov,018355848-0
149,The Heavy,Glynis Radbourne,279358585-8
150,Beyond the Fear,Mamie Battison,408753394-8
151,Rogue Cop,Calli Massard,617705502-8
152,"Full Monty, The",Beauregard Pasque,168509822-3
153,Judas Kiss,Sofie Reichelt,512573955-3
154,Why We Fight,Rosalyn Ledwitch,123749608-X
155,Silent House,Errol Ogger,801445147-3
156,I'll Cry Tomorrow,Oberon Ebanks,913840228-9
157,Word Wars,Den McAlester,381500965-0
158,Hammett,Siffre Sikorski,735883216-7
159,Heima,Rhett Bearn,409666639-4
160,"Most Wanted Man, A",Giles Allibon,984806518-0
161,"Wonderful Ice Cream Suit, The",Georgianna Sidebotton,481031831-1
162,Any Number Can Play,Rhoda Careless,077828109-4
163,My Cousin Vinny,Law Mycroft,542554440-5
164,"Run of the Country, The",Bianca Georgeon,266058827-9
165,Damn the Defiant! (H.M.S. Defiant),Wainwright Moreton,020297912-1
166,"Secret Garden, The",Merry O'Fairy,394150297-2
167,"Last Flight of Noah's Ark, The",Jasmin Sisse,893707782-5
168,In Old Arizona,Valery Ackred,553344604-4
169,"Two of Us, The (Le vieil homme et l'enfant)",Kendell Bourne,759797193-1
170,Partners,Bernadine Lorking,693737995-1
171,Small Town of Anara (Qalaqi Anara),Thorn Matushevich,139605576-2
172,Zatoichi Challenged (Zatôichi chikemuri kaidô) (Zatôichi 17),Jaquelin Ainsby,790875227-6
173,Dolemite,Duky Bortoli,031938323-7
174,Full Speed (À toute vitesse),Loralyn Schwier,204283739-3
175,"Return of a Man Called Horse, The",Birgitta Daintrey,144330129-9
176,The Baker's Wife,Enid Gallimore,904974028-6
177,See You in the Morning,Penn Rao,128986277-X
178,Johnny Tremain,Jaclyn Snaith,763615197-9
179,Magic in the Water,Seymour Braybrooke,826809884-8
180,Antichrist,Tadd Troppmann,896544528-0
181,D.L. Hughley: Reset,Berny Henningham,270988780-0
182,Christmas Evil (a.k.a. You Better Watch Out),Hube Poone,817455775-X
183,Garbo the Spy (Garbo: El espía),Joli Blooman,248324450-5
184,"Hole, The",Pascale Ghilks,486004031-7
185,Leap Year,Veronika Tottle,200107823-4
186,"Descent: Part 2, The",Clair Guislin,496589922-9
187,Pearl Jam: Immagine in Cornice - Live in Italy 2006,Cordell Skelcher,348470871-9
188,Zuzu Angel,Riccardo Shelley,305728549-X
189,Satan's Tango (Sátántangó),Morgen Uppett,966832420-X
190,Make Them Die Slowly (Cannibal Ferox),Cherie Seavers,185858956-8
191,Commander Hamilton (Hamilton),Albina Hazard,198181541-4
192,Between the Devil and the Deep Blue Sea,Estrella Belderfield,160922095-1
193,Sick Girl,Yettie Clemont,238658295-7
194,Sin Nombre,Sander Covill,000984222-5
195,"Life and Death of Peter Sellers, The",Virgie Proger,268029179-4
196,Thief of Hearts,Winna Erwin,024808010-5
197,47 Ronin,Tisha Seabridge,949781851-3
198,"Woman Always Pays, The (Afgrunden) (Abyss, The)",Meaghan Kenna,189328731-9
199,Louis C.K.: Live at the Beacon Theater,Anallese MacAiline,212323359-5
200,"Marriage of Maria Braun, The (Ehe der Maria Braun, Die)",Andree Chung,402271774-2
201,Annie Get Your Gun,Hanni Jarrard,306729732-6
202,"Way Ahead, The (a.k.a. The Immortal Battalion)",Michaeline Jobbings,196362095-X
203,"Same Love, Same Rain (El mismo amor, la misma lluvia)",Abeu Strain,523798835-0
204,Girl 27,Beverlee Bernette,384149182-0
205,Marat/Sade,Jodi Mableson,476904669-3
206,Nostalgia for the Light (Nostalgia de la luz),Hermia Litherborough,969935871-8
207,Closer,Carita Wands,274987087-9
208,Joy Ride 2: Dead Ahead,Marje Patriche,814040771-2
209,Stella Does Tricks,Cyndy Gearing,772119881-X
210,Never Been Kissed,Gill Aurelius,292713732-3
211,Reign of Fire,Cornell Rennocks,734866426-1
212,Hellsing Ultimate OVA Series,Zachariah Tribble,716574391-X
213,Northwest,Cortie Boobier,912227244-5
214,It's a Small World,Laurence Ollerton,802962271-6
215,Love & Human Remains,Annetta Greenall,936053809-4
216,Army Brats (Schatjes!),Lorrie Tebald,419204569-9
217,"Phantom Carriage, The (Körkarlen)",Eddy Barlas,857848911-X
218,"Officer and a Gentleman, An",Sylvester Abreheart,597575981-1
219,Hedd Wyn,Frasquito Wehnerr,421506909-2
220,"Dancing Hawk, The (Tanczacy jastrzab)",Massimo Conybear,254016302-5
221,Sambizanga,Violette Conisbee,799920245-2
222,"Virginity Hit, The",Clementina Cornels,875708326-6
223,"Cotton Club, The",Laurel Groucock,833985372-4
224,Leviathan,Austin Daubney,018248904-3
225,FC Venus,Johnathon Souley,415287624-7
226,Firehouse Dog,Jemima Cabrara,150847216-5
227,Hurry Sundown,Marie Lashmore,060382319-X
228,"Slumber Party Massacre, The",Osbert Caunce,703357471-1
229,Cirque du Soleil: Worlds Away,Clayborn Peagram,502059824-0
230,Roberto Succo,Antonino Leftwich,031402922-2
231,Red,Martina Woodlands,687283183-9
232,Super Demetrios,Anthia Wellbeloved,876364762-1
233,Miracle on 34th Street,Wait Nutkin,297986007-7
234,Narco Cultura,Wallie Fellon,633620393-X
235,Bloody Pit of Horror (Il boia scarlatto) (Virgins for the Hangman),Aila Painswick,328832051-7
236,How to Cook Your Life,Tuckie McGiffie,105053374-7
237,Safe Haven,Julianna Nisby,694859422-0
238,Samurai Vendetta,Atalanta Olivi,663952238-1
239,"Hound of the Baskervilles, The",Edlin Feige,827200951-X
240,Beau Brummel,Towny Maccaddie,559610503-1
241,You Were Never Lovelier,Gregorius Dennick,696331988-X
242,Lost in Austen,Katuscha Cumo,409702026-9
243,Rid of Me,Jillian Gerish,403620067-4
244,Tenure,Rodrick Barkess,508348546-X
245,Rolling,Valery Chang,991589321-3
246,Office Killer,Mariana Joseph,985958001-4
247,Hoffman,Demetri Papen,445024559-8
248,Jerry Springer: Ringmaster,Sheffie Petris,929027548-0
249,Of Unknown Origin,Jerad Gribble,860387202-3
250,What Will You Do When You Catch Me? (Co mi zrobisz jak mnie zlapiesz?),Calhoun Murrill,079614608-X
251,"Wrong Arm of the Law, The",Mechelle Spraggs,555426405-0
252,Beautiful Kate,Findley Plumstead,822299917-6
253,Water Drops on Burning Rocks,Imelda Guirard,815570852-7
254,Z Channel: A Magnificent Obsession,Oona Mila,151351748-1
255,Batman Forever,Karylin Tansley,342092967-6
256,Yanks,Cordelie Blaase,616911300-6
257,Mr. Freedom,Holli Coit,132878747-8
258,Train of Shadows (Tren de sombras),Hersch Fendlow,899240175-2
259,Rouge (Yin ji kau),Dar Mart,260309263-4
260,Skin,Jennette Leguay,290475897-6
261,Fred Claus,Conni Weekly,125652931-1
262,I Melt with You,Chastity Pascoe,281426768-X
263,"Inconvenient Truth, An",Gerry Duncan,371820058-9
264,Trouble Bound,Ynes Jefford,664140624-5
265,Let's Make Love,Jorrie Harrhy,967538212-0
266,"Constant Gardener, The",Hayward Nolin,307184063-2
267,20 Dates,Cindie Pavese,222197098-5
268,Redline,Pattie Sogg,587421557-3
269,"O Brother, Where Art Thou?",Silvio Abramski,266183610-1
270,Interior. Leather Bar.,Susanna Kingsmill,484945446-1
271,Kicked in the Head,Heida Kilcullen,649409988-2
272,Dan in Real Life,Amil Purcer,427686754-1
273,Requiem for a Heavyweight,Abel Brandel,135067924-0
274,"Descendants, The",Janeva Mongenot,621618458-X
275,Dancing in September,Mireielle Boater,523925347-1
276,Kazaam,Oralia Gibbons,594804577-3
277,"Yellow Sea, The (a.k.a. The Murderer) (Hwanghae)",Chaim Bryer,371028029-X
278,Lucy,Krishna Hexter,271840837-5
279,Ninja III: The Domination,Paxton Antcliff,420083464-2
280,"Cool School, The",Isadore Meineck,836510624-8
281,Time of Eve (Eve no jikan),Julieta Ewdale,187030379-2
282,Upstream Color,Rees Arington,875293552-3
283,Winter Nomads,Adella Greenhouse,553644272-4
284,"Captain Thunder (Capitán Trueno y el Santo Grial, El) (Prince Killian and the Holy Grail)",Minne Hance,069801123-6
285,Break Up,Orelee Gotmann,472234144-3
286,All That Jazz,Avril Soame,480885595-X
287,Virgin Stripped Bare by Her Bachelors (Oh! Soo-jung),Rex Jevons,020212067-8
288,"Initiation, The",Alwyn O'Boyle,648191067-6
289,Naked Weapon (Chek law dak gung),Kacy Roke,442349583-X
290,"4 Months, 3 Weeks and 2 Days (4 luni, 3 saptamâni si 2 zile)",Aldridge Meak,072962466-8
291,Kicking and Screaming,Xenos Archibold,385739393-9
292,Devil's Pond,Cassandry Wroughton,342212762-3
293,Crimewave,Rudyard Vosse,384988889-4
294,Zarafa,Cathryn Hachette,529057896-X
295,City on Fire (Lung fu fong wan),Anni L'Homme,521525024-3
296,Chronicle,Beilul Gerred,531281287-0
297,Music for One Apartment and Six Drummers,Kristyn Caldicott,145491749-0
298,Paranoid Park,Angelico Finby,026233120-9
299,Humble Pie (American Fork),Damaris Given,822029097-8
300,Meilleur espoir féminin,Seana Coultous,282243462-X
301,Maria Bamford: The Special Special Special!,Winnie Bruce,219437556-2
302,Roadside Prophets,Ruthy O'Dooghaine,611731186-9
303,Pope Joan (Die Päpstin),Catie Dawbery,948356883-8
304,"Elephant in the Living Room, The",Quill McDuffie,360475905-6
305,Space Pirate Captain Harlock: Arcadia of My Youth (Waga seishun no Arcadia),Noll Sebright,849467469-2
306,Broken English,Celie Haste,383982251-3
307,Bay of Angels (La baie des anges),Nealson Whates,764080945-2
308,"Most Dangerous Man in America: Daniel Ellsberg and the Pentagon Papers, The",Louis Law,304019902-1
309,Run for Cover,Jacqueline Gaylor,908864992-8
310,Rabid,Shirlene Gilhooley,270838753-7
311,Zombeavers,Urbanus Jerdan,903753700-6
312,Two Queens and One Consort (Twee vorstinnen en een vorst),Jarrid Vyvyan,221124395-9
313,The Beast of the City,Shurlocke Renwick,716623768-6
314,Easy Living,Corrianne Burkwood,512003308-3
315,In Between Days,Leoline Matitiaho,339300133-7
316,Holiday in Handcuffs,Cello Oakden,663190197-9
317,Village People,Almeta Grushin,915015762-0
318,"Back to the Garden, Flower Power Comes Full Circle",Gussi Devoy,468034775-9
319,Night Nurse,Bridgette Kulicke,416563223-6
320,"Merchant of Venice, The",Ashlin Vise,540822113-X
321,NATO's Secret Armies (Gladio: L'esercito segreto della Nato),Joshia Wakeley,618604711-3
322,Can't Help Singing,Elysee Natt,451249227-5
323,Going Straight,Basilius Iacobassi,437627846-7
324,Now and Then,Antonina Cornwall,028174892-6
325,Wanderlust,Alexandr Avrasin,562321792-3
326,Jacky in the Kingdom of Women,Daren Boddy,168894353-6
327,Rusalochka (The Little Mermaid),Nonie Udy,067370293-6
328,"Castle, The (Das Schloß)",Jeromy Strangeways,951833797-7
329,Savage Three,Bartolemo Mereweather,922185682-8
330,Godzilla vs. The Sea Monster (Gojira-Ebira-Mosura: Nankai no daiketto),Dana Maffione,432625090-9
331,Jerry Seinfeld: 'I'm Telling You for the Last Time',Karoly Josefs,094188231-4
332,Draft Day,Marlo Fronzek,925130693-1
333,Predictions of Fire (Prerokbe Ognja),Benetta Doonican,525311026-7
334,Dead Ahead: The Exxon Valdez Disaster,Mercedes McAllester,797943531-1
335,"Ring Two, The",Dalila Mackieson,907598635-1
336,Honeysuckle Rose (a.k.a. On the Road Again),Howie Wicken,479307477-4
337,Addicted to Plastic,Joelle Hopewell,445398823-0
338,Ito: A Diary of an Urban Priest (Seitti - kilvoittelijan päiväkirja),Darsey Acors,496489343-X
339,Kama Sutra: A Tale of Love,Haven Cavaney,829914514-7
340,"Flying Swords of Dragon Gate, The (Long men fei jia)",Thurston Cohn,193975939-0
341,The Unexpected Love,Ernesto Jullian,665472244-2
342,Beauty and the Boss,Vernen Elphinston,466434811-8
343,"Rocky Horror Picture Show, The",Derrick Elms,664852499-5
344,Just 4 Kicks,Adda Bloore,317326014-7
345,Carandiru,Doria McKim,213257519-3
346,Escape From Tomorrow,Marni Oertzen,676404845-2
347,"Battle of Algiers, The (La battaglia di Algeri)",Wallie Boow,798739795-4
348,Southern District (Zona Sur),Aila Griffiths,088788132-7
349,Crack-Up,Bunnie Schukert,679710102-6
350,"I Want a Dog for Christmas, Charlie Brown",Beatrice Scedall,906651011-0
351,Commando,Clemens Dodimead,684288729-1
352,"Complete History of My Sexual Failures, A",Bari Sowood,312438873-9
353,Batman,Ranique Vassie,484713697-7
354,Dinner for One (Der 90. Geburtstag oder Dinner for One),Wallis Bunyan,574325842-2
355,"Dinosaur Project, The",Camel Staziker,020945833-X
356,Saved!,Tommi Bosche,233808123-4
357,"Prisoner, The (Island of Fire) (Huo shao dao)",Paige De Vaux,871541644-5
358,"Wings of Eagles, The",Veradis Blacklidge,375398632-1
359,"Guide to Recognizing Your Saints, A",Dall Boothebie,449654847-X
360,"Prince of Pennsylvania, The",Onfre Gall,909140152-4
361,Stan Helsing,Marsiella Scobbie,842137871-6
362,"Enchanted Cottage, The",Jereme Belfelt,127236331-7
363,"Cassandra Crossing, The",Lizabeth Rickerd,113086475-8
364,"Thief of Bagdad, The",Allen Loiterton,700171140-3
365,You Ain't Seen Nothin' Yet (Vous n'avez encore rien vu),Leoline Huckfield,297458305-9
366,Norbit,Marcie Bursnell,484583159-7
367,"Demon in My View, A (Der Mann nebenan)",Deane Purcell,751866847-5
368,Aziz Ansari: Dangerously Delicious,Emmott Le Count,193048381-3
369,National Theatre Live: Frankenstein,Barry Dowsing,133131243-4
370,Accused (Anklaget),Bernita Blasi,185314581-5
371,Homicidal,Kass Coley,843325756-0
372,"Beautiful Mind, A",Julio Stogill,103559157-X
373,Yes Or No,Joyann Borrowman,445694225-8
374,Six Ways to Sunday,Wat Rutherforth,103121203-5
375,"Element of Crime, The (Forbrydelsens Element)",Rori Gleader,604763462-1
376,La guerre des tuques,Blair Shatliff,645214362-X
377,Haunt,Elli Titley,288209922-3
378,"Chaser, The (Chugyeogja)",Jennine Gage,136666963-0
379,"Glass Menagerie, The",Vlad Cowthard,141037679-6
380,Gitmo,Brandi Higgan,226130591-5
381,"Life and Times of Hank Greenberg, The",Isiahi Carrivick,419369611-1
382,Star Trek: Insurrection,Rhianna Gundrey,184109798-5
383,Mischief,Judye Emblin,957435549-7
384,Eden of the East the Movie II: Paradise Lost (Higashi no Eden Gekijôban II: Paradise Lost),Symon Fortman,502265064-9
385,"3, 2, 1... Frankie Go Boom (Frankie Go Boom)",Dale Minerdo,622324730-3
386,Street Scene,Annadiana Buchan,297417801-4
387,"Walking Dead, The",Christos Kulis,724028131-0
388,Scarlet Diva,Halsy Coronado,701464247-2
389,She-Devil,Di Cuzen,052018706-7
390,So Much So Fast,Zorine Morteo,628922415-8
391,Igor,Reider Shoveller,564919052-6
392,Hester Street,Felix Di Gregorio,072111415-6
393,Pink Flamingos,Ashli Faier,128588541-4
394,Phantom of the Woods,Ikey Cory,900060138-X
395,McFarland USA,Luce McCrainor,316612765-8
396,"Agony and the Ecstasy of Phil Spector, The",Anton Nilges,305261820-2
397,Possessed,Alethea Cabotto,679833666-3
398,"Girl, The",Esra Kedwell,576609354-3
399,"Business, The",Chip Le Noury,499484951-X
400,Valley of the Dolls,Findley Simmonett,803259841-3
401,Bionicle: Mask of Light (Bionicle: Mask of Light - The Movie),Hal Clewlowe,627818752-3
402,New Best Friend,Jefferey Bloor,536005796-3
403,"Rat Race, The (Garson Kanin's The Rat Race)",Marysa Redmain,566513809-6
404,Casanova,Tabatha Springer,899670088-6
405,Peaceful Warrior,Guillemette Hobell,864975615-8
406,"Secrets, The (Sodot, Ha-)",Yancey Gromley,903574287-7
407,Eaux d'artifice,Dierdre Fulstow,920571627-8
408,Girls About Town,Hugibert Baitman,600285003-1
409,Manhunter,Micki Jerisch,748580570-3
410,Body Count,Libbi Kebbell,085273598-7
411,Babylon 5: The Gathering,Reagen Baynam,481648769-7
412,Ping Pong Playa,Waverley Brumhead,872178297-0
413,"Ultimate Gift, The",Alberta Fussen,192380140-6
414,Gen-Y Cops (Te jing xin ren lei 2) (Gen-X Cops 2: Metal Mayhem) (Metal Mayhem),Easter Lawrenz,608598937-7
415,Cohen and Tate,Tomasina Farraway,861383714-X
416,"Pretty One, The",Alice Stentiford,698085634-0
417,Mr. Pip,Virgie Laudham,814585075-4
418,Unconscious (Inconscientes),Brietta Sevitt,649951882-4
419,Grateful Dawg,Hatti Simmon,086485056-5
420,Born American,Krystle Lackemann,002994520-8
421,"Brice Man, The (Brice de Nice)",Cyrille Pywell,279743535-4
422,"Blind Sunflowers, The (Los girasoles ciegos)",Sargent Bulcroft,852243591-X
423,Missing William,Hyatt Pavlitschek,132362294-2
424,Trancers,Rem Stubbeley,957886232-6
425,"Secrets, The (Sodot, Ha-)",Erica Ryal,954214218-8
426,Symmetry (Symetria),Fritz Edgett,035304974-3
427,Shadows and Fog,Tally Bothams,509455318-6
428,Pokémon the Movie: White - Victini and Zekrom,Baxy Tilly,009149563-6
429,Elephant White,Emilie Laundon,189567392-5
430,The Cat's Out,Ruthe Poulgreen,883461551-4
431,Valerie,Catharina Narbett,296435738-2
432,Northanger Abbey,Cass Assard,113014090-3
433,Fall From Grace,Stanislaw Finnigan,572564226-7
434,Coming Apart,Melamie Fortey,451486887-6
435,Breaking News (Daai si gin),Melinde Moyse,920140457-3
436,Venom,Gardener Romei,416349563-0
437,C.H.U.D. II - Bud the Chud,Ronna Brunotti,314685425-2
438,Higher and Higher,Fielding Renehan,036633880-3
439,Tere Naam,Eolanda Lillicrap,590566593-1
440,"Mission, The (Cheung fo)",Byrann Kief,926120697-2
441,"Poker Club, The",Gregoire Champley,969844399-1
442,"Moon-Spinners, The",Brigham Mityushin,073568181-3
443,"Day After Trinity, The",Tad O'Donnell,423511881-1
444,Gran Paradiso,Roxi Brendeke,969752705-9
445,"Young Törless, The (Junge Törless, Der)",Tremain Dedney,940463263-5
446,Body Bags,Olin Regnard,646209371-4
447,Spin,Lavena Fauning,441492260-7
448,November,Trista Baudon,110819069-3
449,Girl Play,Brandais Emms,123181897-2
450,Vengo,Magda Raoult,592970681-6
451,What Lies Beneath,Brock Harme,408926062-0
452,The .44 Specialist,Desiree Groom,326148078-5
453,Animal House,Marna Lawrie,933451467-1
454,a/k/a Tommy Chong,Lorenzo Shakshaft,304702412-X
455,"Birdcage, The",Christie Kleine,628736559-5
456,V for Vendetta,Pavlov Bercher,581106079-3
457,Ten,Shamus Dunderdale,113741879-6
458,Piter FM,Sheffy Seargeant,026601396-1
459,Shifty,Sabrina Dripps,224995330-9
460,"Embalmer, The (Imbalsamatore, L')",Raeann Paulig,491816439-0
461,"Days Between, The (In den Tag hinein)",Inger Shuter,482771406-1
462,Outfoxed: Rupert Murdoch's War on Journalism,Erwin Renachowski,482854476-3
463,Something to Sing About,Lurlene Holburn,798467953-3
464,My Letter to George (Mesmerized),Lacey Dover,657981195-1
465,Brief Encounter,Martelle Hobson,160612566-4
466,Lost for Life,Harriett Krabbe,213875951-2
467,The Story of Alexander Graham Bell,Melamie Pelfer,171896977-5
468,Valerie,Bethany Cheesman,911342118-2
469,Gang Related,Mari Bootherstone,930490403-X
470,I Really Hate My Job,Cristine Blayney,238399702-1
471,Bikini Summer,Sansone Wharmby,099388589-6
472,Manic,Garey Messier,397103597-3
473,"Messenger: The Story of Joan of Arc, The",Mathe Shrimptone,956574038-3
474,Sokkotanssi,Flory Andersch,320402597-7
475,Albatross,Dermot Maben,516041645-5
476,No Regrets for Our Youth (Waga seishun ni kuinashi),Gibbie Greenaway,972355692-8
477,Bravo Two Zero ,Goldarina Leteurtre,469370389-3
478,"Bruno (Dress Code, The)",Kailey Trail,368178382-9
479,"Cat in the Hat, The",Gabriellia Dundon,866813695-X
480,Barfi!,Fonsie Ledeker,267930150-1
481,Fading Gigolo,Lianne Hrycek,827742166-4
482,Butterflies Are Free,Jacklin Dory,409584444-2
483,Sordid Lives,Shannen Sutherley,699789396-1
484,Blutzbrüdaz,Patience Pepineaux,953602953-7
485,Faster,Norene De la Zenne,059909509-1
486,The End of the Tour,Rollins Lamps,257305797-6
487,Gamera vs. Viras ,Yelena Fenlon,993434149-2
488,Outsider,Jacquie Rhubottom,498189766-9
489,Santos,Raviv Durden,146323081-8
490,Everything,Loretta Ardley,503269757-5
491,House of Wax,Benedikt Harrell,294208625-4
492,One Deadly Summer (L'été meurtrier),Hagan Hedgecock,791416119-5
493,"Gun in Betty Lou's Handbag, The",Juanita Couldwell,098520285-8
494,Paranormal Activity: The Marked Ones,Bo Heijne,957789307-4
495,Immensee,Annie Sargood,328896728-6
496,Kolka Cool,Arabel Wittier,117126378-3
497,"Walk in the Sun, A",Gilbert Shorte,721519596-1
498,Exorcismus,Victor Duddell,306732524-9
499,Red Dawn,Brig Leicester,362947415-2
500,Once Upon a Crime...,Layne Hunnaball,569716726-1
501,Cheetah,Barney Das,535678870-3
502,"Last American Virgin, The",Constancia Tour,672929559-7
503,Exit Through the Gift Shop,Solly Schimaschke,034307300-5
504,Bedazzled,Caleb Gullivent,912537188-6
505,"Rocketeer, The",Bronny Kann,066471087-5
506,Parisian Love,Jemmy Bisset,637948545-7
507,Hallam Foe (Mister Foe),Falito Sibun,341838401-3
508,Hardcover,Tadd Allmann,349050170-5
509,"Awful Dr. Orlof, The (Gritos en la Noche)",Belvia Canepe,685972407-2
510,King of Germany,Trev Farington,977209106-2
511,Madame Bovary,Bernie Bennet,368729548-6
512,Dollman vs. Demonic Toys,Olivia Rubinow,498345495-0
513,"Twice Upon a Yesterday (a.k.a. Man with Rain in His Shoes, The)",Errol Pitkeathley,238386943-0
514,After Office Hours,Yancey Paolone,238658811-4
515,Harry Potter and the Sorcerer's Stone (a.k.a. Harry Potter and the Philosopher's Stone),Emyle Atkins,153429734-0
516,When Darkness Falls (När mörkret faller),Kristan Gallamore,110617089-X
517,R.I.P.D.,Haily Gasparro,716612344-3
518,Dangerous Minds,Christye Kolodziejski,978466989-7
519,Z Channel: A Magnificent Obsession,Jacintha Duffin,435362197-1
520,Unforgotten: Twenty-Five Years After Willowbrook,Derrick Scatcher,651967143-6
521,"Angel at My Table, An",Kelvin Powton,153407683-2
522,Cheech & Chong's Nice Dreams,Steven Marvelley,280220736-9
523,"Sugar Curtain, The (El telón de azúcar)",Mead Breadon,105468589-4
524,3:10 to Yuma,Chane Whenham,321293433-6
525,"Original Kings of Comedy, The",Tomlin Heighton,631672329-6
526,Urban Ghost Story,Rickie Quimby,939099302-4
527,Albuquerque,Jo-anne MacLennan,870859113-X
528,Six Pack,Brandy Dommerque,008658608-4
529,Kung Fu Panda: Secrets of the Furious Five,Abbe Turnock,777803081-0
530,"Carry On, Constable",Kearney Lorait,809468535-2
531,Comanche Moon,Kathleen Haberjam,830281858-5
532,Aurora Borealis,Vernor Clough,606084087-6
533,King Rat,Efrem Auguste,398312418-6
534,"'Human' Factor, The (Human Factor, The)",Nelson Gatesman,910883025-8
535,Surviving Picasso,Auberon Yablsley,570293999-9
536,Vlad,Fran De'Vere - Hunt,584535619-9
537,Six in Paris (Paris vu par...),Keelia Murrigans,347297885-6
538,Addams Family Values,Waldemar MacGall,734242977-5
539,Comedy of Innocence (Comédie de l'innocence),Vita Starkey,559528002-6
540,"Great Day in Harlem, A",Mano Ohm,465212200-4
541,Style Wars,Domini Kew,057635904-1
542,"Atomic Cafe, The",Debbie Kelsow,465087198-0
543,"Girl Next Door, The",Terra Defont,744414635-7
544,The Squeeze,Shani Hutchings,394457541-5
545,Immortals,Benedict Kubista,068026154-0
546,Beethoven's 3rd,Eben Shuttlewood,776643729-5
547,Karthik Calling Karthik,Elberta Timlin,735031289-X
548,"Miss and the Doctors (Tirez la langue, mademoiselle)",Remington Greenrodd,753387227-4
549,Rabbit Without Ears (Keinohrhasen),Morganica Latliff,992974681-1
550,"Godzilla 1985: The Legend Is Reborn (Gojira) (Godzilla) (Return of Godzilla, The)",Bernette Gateshill,119006846-X
551,"Count Dracula (Nachts, wenn Dracula erwacht)",Whitman Darrington,203006251-0
552,Thoroughly Modern Millie,Matthiew Salvage,072830288-8
553,"Silence, The (Das letzte Schweigen)",Earl Gleasane,780760800-5
554,Lupin III: The Castle Of Cagliostro (Rupan sansei: Kariosutoro no shiro),Bendick Scarisbrick,710851959-3
555,Necessary Roughness,Israel Bacup,497439299-9
556,"Hidden Fortress, The (Kakushi-toride no san-akunin)",Louis Bisacre,701933498-9
557,Follow the Bitch,Skye Paxman,789389356-7
558,Fake It So Real,Delmar McKenney,455454028-6
559,Winter Nomads,Audy Drakeley,579999538-4
560,Major Payne,Berkley Cosh,574132647-1
561,"Little Rascals, The",Roxine Clyde,949941154-2
562,"Horseman on the Roof, The (Hussard sur le toit, Le)",Roderich Mayhow,385777494-0
563,"George Lopez: Tall, Dark & Chicano",Gideon Casero,411100665-5
564,Single White Female,Spense Low,823001391-8
565,7 Days (Les 7 jours du talion),Adan Kinchlea,582737594-2
566,Captive Women (1000 Years from Now) (3000 A.D.),Woodrow Broadnicke,333528202-7
567,Night on Earth,Tallulah Elvins,636786156-4
568,Blackrock,Armstrong Kimbly,982647658-7
569,"Conformist, The (Conformista, Il)",Gussy Wilce,155256293-X
570,"Gatekeepers, The",Raphaela Strathdee,177432714-7
571,Quills,Cymbre Davies,024148097-3
572,Grumpy Old Men,Mikaela Brosini,104537743-0
573,Mediterraneo,Tibold Palphreyman,375594807-9
574,Trumbo,Zerk Mantione,545408968-0
575,Blue State,Moyra Androletti,667396517-7
576,"Prince and the Pauper, The",Kearney Gallaccio,654067971-8
577,Awakenings,Tome Osband,161845975-9
578,"Broadway Melody, The",Geoffrey Garmon,181019832-1
579,Volunteers,Anallise Stapleton,477808414-4
580,Pirates of Silicon Valley,Neal Oselton,820174135-8
581,"Cruise, The",Kassia Lowdwell,849574298-5
582,"Lawless Frontier, The",Humfried Serotsky,024844221-X
583,Snowbeast,Alexis Christiensen,739673087-2
584,In Which We Serve,Elysia Tort,114335476-1
585,Chuck & Buck,Stace Jira,612157000-8
586,Nadine,Abigale Lipmann,451751045-X
587,Lost in Beijing (Ping guo),Kate Peotz,019500650-X
588,"Statue of Liberty, The",Latisha Dahl,970290970-8
589,Triage,Guillaume Micklem,967836810-2
590,Treeless Mountain,Cherye Gornall,193164681-3
591,Perkele! Kuvia Suomesta,Lotty Yukhnevich,579726123-5
592,"Gorgon, The",Dewie Hawkswell,339889530-1
593,Beneath Hill 60,Killie O'Sharkey,938492438-5
594,Wonder Bar,Gael Jakeway,630779333-3
595,"Boys Are Back, The",Lorena Willsmore,223670003-2
596,Can't Hardly Wait,Teodor Lello,029845168-9
597,Yamakasi - Les samouraïs des temps modernes,Coriss Treat,728363787-7
598,Rough Night in Jericho,Melva Rusbridge,443598105-X
599,Love and Death,Micki Wallsworth,556476662-8
600,Rolling,Cally Thebes,071180652-7
601,Kevin Hart: Let Me Explain,Claudell Luparto,596345728-9
602,Deception,Ursala Coviello,673553384-4
603,Daayen Ya Baayen,Hanni Franchi,707654660-4
604,Summer and Smoke,Jarid Pyffe,322369755-1
605,Manhattan Murder Mystery,Roscoe Carabet,099697602-7
606,Gangs of New York,Jan Scalia,465373680-4
607,Grind,Bran Duddell,314278003-3
608,"Snow Walker, The",Parker Voisey,864086655-4
609,"Red Squirrel, The (Ardilla roja, La)",Wat Channing,690978566-5
610,The Radio Pirates,Aurora Grammer,611812887-1
611,Masterminds,Inna Baggiani,588527228-X
612,Commune,Robenia Rubke,667400331-X
613,Enquiring Minds: The Untold Story of the Man Behind the National Enquirer,Mureil Merrgan,624356361-8
614,Anchorman: The Legend of Ron Burgundy,Moe Ewence,379717349-0
615,"Lebanon, Pa.",Babb Loxston,788423254-5
616,Time of Eve (Eve no jikan),Washington Raine,456502477-2
617,"Cutting Edge, The",Cori Casemore,844835963-1
618,Fuck Up,Jocelin McCaskill,557218301-6
619,Macbeth,Nickolas Chmarny,785406755-4
620,Wyvern,Roderick Goggins,105165533-1
621,Lust for Gold,Mattias Agiolfinger,735200740-7
622,Marvin's Room,Ester Flacknoe,763314438-6
623,Selma,Odelinda Horry,636572788-7
624,ATL,Christy Batchelar,286178861-5
625,We Need a Vacation (Fais-moi des vacances),Kameko Shilston,104095389-1
626,Sheena,Skippy Viveash,173873662-8
627,Once Upon a Warrior (Anaganaga O Dheerudu),Malinda Iacopo,574610383-7
628,Four Horsemen,Hale Joselovitch,103474156-X
629,All the President's Men,Aloysia Camplin,564543087-5
630,Assisted Living,Dorothy Blasdale,998815826-2
631,The Hunting Ground,Georgeta Lankham,997880400-5
632,Hava Nagila: The Movie,Shaylynn Follos,028093302-9
633,"Dark Angel, The",Andy Wallsam,909828802-2
634,23 Paces to Baker Street,Yolanthe Yoskowitz,875571634-2
635,Charlie Chan in Dangerous Money,Pauletta Furneaux,254614338-7
636,The Fearless Four,Zolly Menhenitt,292492077-9
637,"Ring, The",Adena Haxbie,610107831-0
638,They Call Me Mister Tibbs!,Farand Knowlton,695222496-3
639,Melissa P.,Griswold Lomond,706795360-X
640,Chop Shop,Dario Anfrey,864466054-3
641,Frenchman's Creek,Norton Frill,785966966-8
642,Advantageous,Tessa Crockett,085869311-9
643,"Criminal Code, The",Mac Pesek,301339846-9
644,Kummelin jackpot,Dion Lawn,222725520-X
645,Griff the Invisible,Bernhard Dobinson,844067097-4
646,America the Beautiful 2: The Thin Commandments ,Bent O'Fogarty,069356030-4
647,Ship of Fools,Oona Ovise,493086523-9
648,"Chorus, The (Hamsarayan)",Charita Berling,649251945-0
649,"Ten, The",Willem Hannabus,811733880-7
650,"Little Engine That Could, The",Terri Corrin,438608312-X
651,Greaser's Palace,Collette Chadburn,834438473-7
652,New World (Shin-sae-gye),Tammara Satchel,289248064-7
653,Catwalk,Bryn Ferroli,420243695-4
654,"Maid, The (Nana, La)",Giulio Bolstridge,762750452-X
655,Human Capital (Il capitale umano),Ricard Ruler,246184415-1
656,Emma,Terrye Jerrom,572223371-4
657,Formosa Betrayed,Dot Gladwish,112032328-2
658,"Weather Man, The",Robbert Dainton,119739977-1
659,Children of the Corn II: The Final Sacrifice,Ripley Spittall,433521052-3
660,Debtocracy,Celinka Curedell,230814770-9
661,Women Without Men (Zanan-e bedun-e mardan),Huberto Laight,690882006-8
662,Princess (Prinsessa),Carlos Rowlstone,391399572-2
663,"Girl Next Door, The",Manon Bean,461963938-9
664,Dabangg 2,Daron Ealam,133650413-7
665,Thale,Lorry Stearns,073040234-7
666,Manon of the Spring (Manon des sources),Deny Haswell,884349284-5
667,Karlsson Brothers (Bröderna Karlsson),Godfry Sheryne,106888165-8
668,Prowl,Maridel Downage,243576959-8
669,Wetherby,Eilis Kopisch,765371709-8
670,The Great Gatsby,Ola Jodrelle,082425449-X
671,Fifty Pills,Shae Laughlan,830713385-8
672,Follow the Fleet,Ray Skipping,344145883-4
673,"Girl Who Played with Fire, The (Flickan som lekte med elden)",Gunar Camsey,047094853-1
674,That Darn Cat!,Betsey Greenset,772239189-3
675,Summertime,Meryl Dedmam,174773845-X
676,Lemony Snicket's A Series of Unfortunate Events,Lazarus Jodrelle,911931535-X
677,Tokyo Drifter (Tôkyô nagaremono),Marne Zorer,885143156-6
678,Alien³ (a.k.a. Alien 3),Marybelle Keveren,450522779-0
679,Such Is Life (Así es la vida...),Ronni Spraggon,011842787-3
680,Blonde Venus,Mathias Greetham,502948631-3
681,"Company Men, The",Shamus Hugland,741007579-1
682,Hitler's Stealth Fighter,Geri St. Quintin,767498314-5
683,Into the Storm,Turner Menego,451595949-2
684,Dial 1119,Ingamar Plenderleith,104071894-9
685,Omega Doom,Kirsti Berthe,804737872-4
686,The Old Maid,Row Jeakins,849797781-5
687,Kidnapping Mr. Heineken,Aloisia Dufty,935203134-2
688,Henri-Georges Clouzot's Inferno (L'enfer d'Henri-Georges Clouzot),Micheil Summerskill,478075696-0
689,Portraits Chinois,Corenda Kilpin,526308544-3
690,"Dark Hours, The",Kali Worham,819522108-4
691,Spirits of the Dead,Golda Scuffham,402297974-7
692,Le convoyeur,Beth Shasnan,221574689-0
693,Suburbia,Dwight Carlton,963233275-X
694,War and Peace (Jang Aur Aman),Reinald Gilley,936011508-8
695,Above the Rim,Arlyne Silverwood,044237335-X
696,Mumblecore,Corabel Strelitzer,052624025-3
697,Lethal Weapon 2,Wainwright Croce,696521014-1
698,Eros (Men and Women) (Noite Vazia),Nat Spurier,202237934-9
699,Makai Tensho: Samurai Reincarnation (Makai tenshô),Juliana Kubicek,288420108-4
700,"Last Bolshevik, The (Tombeau d'Alexandre, Le)",Flora Duham,540240295-7
701,Between Heaven and Hell,Paxton Matzke,652554299-5
702,"Haunted World of El Superbeasto, The",Orsa Crotty,933149910-8
703,"War Room, The",Axe Wigfall,005070206-8
704,For Ever Mozart,Spenser Gration,247877295-7
705,Gold Raiders,Sholom Piniur,343302812-5
706,"Golden Coach, The (Le carrosse d'or)",Kirstin Tillard,281514076-4
707,Centennial,Iggie Bernhard,257772031-9
708,Yu-Gi-Oh!: Bonds Beyond Time (Gekijouban Yuugiou: Chouyuugou! Jikuu o koeta kizuna),Jamill Kroger,979950395-7
709,"Rugrats Movie, The",Janaye Helleckas,287870491-6
710,Mother (Madeo),Belle Ambrogiotti,520121701-X
711,Doughboys,Brion Simmings,680489073-6
712,MURDER and murder,Joelie Neylan,050494214-X
713,Snow White (Blancanieves),Ben Laise,674344918-0
714,Eye See You (D-Tox),Mal Linstead,864377251-8
715,Emergency Squad,Merell Lucey,140283068-8
716,Run Fatboy Run,Colin Axton,972083862-0
717,"Razor's Edge, The",Kayley Gierck,454493614-4
718,"Farewell to Arms, A",Cosette Muffett,434602172-7
719,Heartbeats (Kohtaamisia),Germain Asbrey,967408309-X
720,"Italian Job, The",Jacquelynn Seaborn,792611739-0
721,Two Ninas,Jaine Hamelyn,886235950-0
722,Dog Soldiers,Terry Rojel,841176973-9
723,"Sweet Jesus, Preacherman",Evin Jellman,049381911-8
724,Homicidal,Gloria Scotchbourouge,907413758-X
725,The Rag Man,Drake Jachimak,932937223-6
726,Canvas,Bobbie Reavell,262809882-2
727,Twilight of the Ice Nymphs,Raddy Emney,738783391-5
728,Senseless,Rhetta Sherington,049414472-6
729,Night Across the Street (La noche de enfrente),Shel Stockle,258278056-1
730,"Classe Tous Risques (Big Risk, The)",Jena Lankford,881949329-2
731,What Time Is It There? (Ni neibian jidian),Jake Dewen,935101172-0
732,How to Be a Serial Killer,Philly Fearey,569975478-4
733,Blade of the Ripper,Costanza Peploe,677962361-X
734,"Devil's Rejects, The",Mendel Reyne,787434177-5
735,Rosario Tijeras,Meggie Duffett,255218431-6
736,Today You Die,Ingmar de Clerk,928928987-2
737,"Trip to Mars, A",Coral Everest,026103888-5
738,"Superweib, Das",Fred Padginton,390059854-1
739,How to Lose Friends & Alienate People,Buddy Carrack,249008123-3
740,You and Me,Filip Belsham,994256101-3
741,Envy (Kiskanmak),Margaretha Tows,955425044-4
742,Blind Mountain (Mang shan),Tim Matsell,919261133-8
743,Crime and Punishment,Leah Schops,351677518-1
744,Punk in London,Chrissy Pardy,680929749-9
745,"Keys to the House, The (Chiavi di casa, Le)",Pearle Whitney,907853209-2
746,Up Periscope,Daffi Rodders,361446143-2
747,Stealing Beauty,Mil Borres,790800952-2
748,The Black Rose,Euphemia Spikeings,913556594-2
749,"Decade Under the Influence, A",Finlay Twaits,385391576-0
750,Negative Happy Chainsaw Edge (Negatibu happî chênsô ejji),Emalia Kerss,290997411-1
751,Valdez Is Coming,Geraldine Chuney,621473953-3
752,Angel Face,Zachariah Sabater,060835002-8
753,Thurgood,Kennie Cordero,457941894-8
754,Diary of a Lost Girl (Tagebuch einer Verlorenen),Shanda Messam,593773266-9
755,"Dead Outside, The",Darren Walworth,019654535-8
756,Rampage at Apache Wells,Midge Georghiou,277712689-5
757,"Gambler, The (Játékos, A)",Gwenny Harrill,163652354-4
758,"Oklahoma Kid, The",Hayward Girkins,099126527-0
759,"ChubbChubbs!, The",Niall Holston,952462151-7
760,Oasis,Wynny Challenor,327631798-2
761,"Myth of the American Sleepover, The",Brittni Treagust,107845299-7
762,Zatoichi at Large (Zatôichi goyô-tabi) (Zatôichi 23),Velvet Coushe,923979894-3
763,Go Figure (Va savoir),Joaquin Stair,871762201-8
764,Rush,Frederica Orgen,719963103-0
765,Appleseed Alpha,Frederica Tuxwell,976484074-4
766,It's a Bikini World,Mae Scahill,775158421-1
767,Shadow People,Marcelle Featherstonhaugh,652676830-X
768,Dark Star,Chev Van den Hof,781169153-1
769,Loose Change 9/11: An American Coup,Adam Adamovitch,960584344-7
770,Princesas,Emery Vonasek,573601583-8
771,"Recruiter, The",Yankee Kolis,226969922-X
772,Extraterrestrial,Janie Brouard,141538398-7
773,"Foreign Affair, A",Roselin McCambridge,494331621-2
774,Year One,Grenville Rawe,581001132-2
775,G.I. Joe: Operation Dragonfire,Miller Dunsleve,784557086-9
776,"Funeral, The (Ososhiki)",Kriste Trubshawe,516889358-9
777,Quartet,Rocky Ingledew,497057305-0
778,In the Name of the King III,Jecho O'Spellissey,914138604-3
779,Westfront 1918,Vida Wasteney,277366884-7
780,Daddy Day Care,Wilma Berrington,532806201-9
781,Tenderness,Romonda Letch,036802016-9
782,Elektra,Gerry Fewell,959588671-8
783,"American Crime, An",Loni Fealy,934946416-0
784,"Good Guy, The",Tate Willett,305708725-6
785,"Generale Della Rovere, Il",Carolin Nealon,136700439-X
786,Alien from L.A.,Magdaia Stoffers,223648144-6
787,Anna Karenina,Rosalinda Bidder,173827263-X
788,Still Alice,Lily Tackell,775634606-8
789,Hilton!,Annabelle Tinklin,595745921-6
790,Curse of Chucky (Child's Play 6),Pris Rigmand,278726968-0
791,"Friends at the Margherita Cafe, The (Gli amici del bar Margherita)",Ania Messenger,243314599-6
792,976-EVIL II,Mickie Skeldon,723710627-9
793,Clash of the Wolves,Marleah Elcoux,609643406-1
794,Carousel,Cher Wyldbore,880378445-4
795,Fast Food,Laina Longthorn,576095610-8
796,Buck Privates,Willa Devereu,389496081-7
797,"Road, The",Berrie Elsdon,267866137-7
798,Standing Up,Emlyn Yakov,510802693-5
799,"Lincoln Lawyer, The",Kim Benedit,334252253-4
800,Moving Alan,Vale Bossingham,956235589-6
801,Not Here to Be Loved (Je ne suis pas là pour être aimé),Karney Kiehl,884072752-3
802,Sword of the Valiant,Gaylord Josephi,777937197-2
803,Gamera vs. Barugon,Piotr Lockyer,416354316-3
804,Dark Days,Abeu Labbe,393412942-0
805,Humoresque,Reeba Yeo,149733852-2
806,Star Wars: Episode VI - Return of the Jedi,Karlotta Ellery,792739596-3
807,Morituri,Midge Blenkinsopp,895879382-1
808,Every Man for Himself (Slow Motion) (Sauve qui peut (la vie)),Dorine Waszczykowski,453189230-5
809,High and Dizzy,Parry Larmouth,240495876-3
810,Magic Mike,Jeannette Reynoollds,556048457-1
811,Svidd Neger,Karlee Barens,214583589-X
812,Faust,Koral Lanfare,200517095-X
813,3 Backyards,Mellisent Fawcitt,094739299-8
814,"Reckoning, The",Winn Blaber,010606801-6
815,"Rites of May, The (Itim) ",Allen Murcott,775716614-4
816,Metalstorm: The Destruction of Jared-Syn,Jon Lunge,875771139-9
817,Prelude to a Kiss,Lorenza M'Chirrie,684603543-5
818,"Movie, A",Othilia Whitters,303377188-2
819,I giorni contati,Waldemar Chishull,671808631-2
820,Colour Me Kubrick: A True...ish Story,Neale Alaway,795573586-2
821,Orwell Rolls in His Grave,Nicola Hagger,392139306-X
822,"Vampir (Cuadecuc, vampir)",Alejandrina Schulze,043869914-9
823,Little Lord Fauntleroy,Federico Kitchinghan,691300852-X
824,28 Up,Tymon Follis,413007691-4
825,"Shadow Dancer, The (Shadows in the Sun)",Waneta Iddy,517470813-5
826,Deception,Thea Shanley,087798420-4
827,Penny Serenade,Garrik Spradbrow,807730661-6
828,"Fantastic Planet, The (Planète sauvage, La)",Fitzgerald Rounding,961741860-6
829,Underworld,Lissy Esposi,143795670-X
830,"Institute Benjamenta, or This Dream People Call Human Life",Gail McConaghy,000236208-2
831,Manuel on the Island of Wonders (Manoel dans l'île des merveilles),Obed Darthe,832240837-4
832,Asterix and Cleopatra (Astérix et Cléopâtre),Ginny Crocombe,082952365-0
833,"Searchers, The",Vivian O'Sherin,635597237-4
834,White Chicks,Geoffrey Snedden,323732408-6
835,A Pistol For Ringo,Tabby Arlett,429644082-9
836,Band of Brothers,Dare Ping,987269914-3
837,"Prey, The (La proie)",Dagny Greeves,205672562-2
838,Bring on the Night,Mendie Ridpath,008263837-3
839,Nick and Norah's Infinite Playlist,Valdemar Attkins,541271712-8
840,"Construction, The (En construcción)",Grantley Kabisch,797380919-8
841,Doubt,Janaye MacKibbon,393911824-9
842,Opposing Force,Salem Smithson,014837568-5
843,"Me, Myself & Irene",Ebonee Snaddin,947292746-7
844,"Puff, Puff, Pass",Izak Olivia,476503922-6
845,"Hijacking Catastrophe: 9/11, Fear & the Selling of American Empire",Bambie Footitt,417767046-4
846,Don't Go In the Woods,Brynne Muir,794188939-0
847,"Cabinet of Dr. Ramirez, The",Win Pringle,221235291-3
848,"Raven, The",Yettie Booeln,233468860-6
849,Tangerines,Skye Ionesco,160247253-X
850,Amigo,Em Fayer,339469769-6
851,First Name: Carmen (Prénom Carmen),Amalie Oger,576740127-6
852,Blind Chance (Przypadek),Joel Hadley,363855989-0
853,Sweet Movie,Nathanil Cogswell,927867953-4
854,"Devil Came on Horseback, The",Malina Semor,727178738-0
855,Me and you (io e te),Dede Sawney,774603751-8
856,Following,Tanhya Simonetti,131282297-X
857,Reaching for the Moon,Kira Elder,963098293-5
858,"Asphalt Jungle, The",Morris Dollin,529357863-4
859,Mike's New Car,Neville Armal,445194563-1
860,In the Basement,Hermione Mundy,797191273-0
861,"Cave of the Yellow Dog, The",Hollyanne Benam,989071948-7
862,Peas at 5:30 (Erbsen auf halb 6),Katey Bielefeld,144185909-8
863,Ninja Cheerleaders,Lester Tilston,353507962-4
864,The Substitute 4: Failure Is Not an Option,Candie Rove,625387589-2
865,Gone Fishin',Sascha Lockery,023390187-6
866,Goldfish Memory,Emelyne Pelchat,185686916-4
867,Stopped on Track,Ettie Woodall,589251562-1
868,Exorcismus,Ermanno Arnett,814462755-5
869,Beyond the Forest,Nichols Sheilds,601187073-2
870,Fire and Ice,Romona Mosby,986889215-5
871,Polyester,Grady Jakoubek,758104031-3
872,"Solid Gold Cadillac, The",Pennie Follen,729361270-2
873,Oedipus Rex (Edipo re),Toddy Machin,417403657-8
874,Divorce - Italian Style (Divorzio all'italiana),Emmaline Haibel,212314007-4
875,The Cop in Blue Jeans,Elsy Bubeer,893657599-6
876,Detour ,Lisbeth Finneran,604936668-3
877,Party Girl,Ariella MacArdle,505310984-2
878,Adrift (À Deriva),Brandtr McNysche,955162397-5
879,Your Life in 65 (Tu vida en 65'),Linnie Gatty,951555278-8
880,"Red Balloon, The (Ballon rouge, Le)",Gottfried Caghan,084095084-5
881,"Count Dracula (Nachts, wenn Dracula erwacht)",Haven MacPaike,137978401-8
882,Ball of Fire,Jeromy Bastin,443011099-9
883,"Code, The (Mentale, La)",Rolland Rusling,682832694-6
884,Joffrey: Mavericks of American Dance,Emmery Coggen,050202925-0
885,Viper in the Fist,Kennie Halsted,579728460-X
886,Dark Night of the Scarecrow,Merle Gitting,516154352-3
887,Control (Kontroll),Cletis Bouldon,934397804-9
888,School of Rock,Katuscha Broomhead,170249182-X
889,House on Haunted Hill,Patience Basset,491737270-4
890,"Neon Bible, The",Sutherland Aulsford,977843161-2
891,Sam Peckinpah: Man of Iron,Robbie Paskerful,248481853-X
892,War of the Robots (La guerra dei robot),Tracie Proffer,880295392-9
893,"Nativity Story, The",Jason Casbon,890858012-3
894,"Good Year, A",Winnie Travers,957183085-2
895,Morons From Outer Space,Milli Kaines,444897996-2
896,"Matrix Revolutions, The",Garrard Akess,187214037-8
897,Professor Beware,Beck Petrulis,753977652-8
898,One in the Chamber,Dalis Rosedale,397824795-X
899,King Kong,Addie Ackerley,790856361-9
900,Portrait Werner Herzog,Mead Pidgin,938293322-0
901,Doctor Dolittle,Shayne MacCostigan,608352605-1
902,To Sleep with Anger,Colette Bewley,295380759-4
903,Saint Joan,Rosana Cops,123655332-2
904,Rififi (Du rififi chez les hommes),Lenore Penwell,804712948-1
905,Life On A String (Bian chang Bian Zou),Gerome Kornyakov,225410914-6
906,Walk on Water,Padraig Zold,372930635-9
907,Cobra,Lezlie Toffolo,121960010-5
908,Wrestling (Bræðrabylta),Roosevelt Eddison,193361926-0
909,"Secret of Roan Inish, The",Arliene Bartoszewicz,274893168-8
910,Night on Earth,Sileas Knott,726964890-5
911,"Last Exorcism, The",Romeo Willoughey,015806549-2
912,"Year of the Wolf, The (Suden vuosi)",Roddie Malby,675633431-X
913,Winter of Discontent,Piotr Vankov,298483139-X
914,Franz Kafka's a Country Doctor,Garey Drysdale,400864035-5
915,"Campaign, The",Cacilie Nehl,612734398-4
916,Angels Over Broadway,Danny Buzine,988477476-5
917,Bebe's Kids,Nicolais Chappelow,607573904-1
918,Lightning Bolt: The Power of Salad,Benetta Jennings,356686606-7
919,Het Vonnis,Roberta Rawlcliffe,991706580-6
920,Skyline,Nonna Jaquiss,935897033-2
921,Broderskab (Brotherhood),Jaquenette Bloor,186256876-6
922,Secretariat,Liza Champagne,319355765-X
923,Tyler Perry's Madea's Big Happy Family,Alanna Fairn,785994858-3
924,Inuyasha the Movie: The Castle Beyond the Looking Glass,Averyl Brunon,127104199-5
925,"Sailor Who Fell from Grace with the Sea, The",Catriona Clear,090517252-3
926,Head Games,Ardeen Matisse,747751047-3
927,"Deadly Trackers, The",Valentino Simonsson,746061773-3
928,"Mostly Unfabulous Social Life of Ethan Green, The",Merill Shotboult,165713613-2
929,Henry Fool,Gwyneth Sidebotton,782009818-X
930,Inside Man,Estel Rouke,013086614-8
931,Hum Tumhare Hain Sanam,Cheslie Keyhoe,539832747-X
932,Russian Roulette,Avigdor Pleass,233717998-2
933,"Match Factory Girl, The (Tulitikkutehtaan tyttö)",Anatol Kennea,771622666-5
934,Cowboys & Aliens,Joelie Gunson,040421162-3
935,Connections,Corrianne Beinke,503165125-3
936,Black Beauty,Fernande Macci,167892177-7
937,Barfi!,Giustino Toolan,268218185-6
938,Kansas Raiders,Claiborne Volks,327270920-7
939,"Pretty One, The",Vincenz Laytham,964579547-8
940,Jim Jefferies: I Swear to God,Tilly Barley,518412042-4
941,"Not for or Against (Quite the Contrary) (Ni pour, ni contre (bien au contraire))",Margit Bateson,190046192-7
942,Bananas!*,Pris Ducker,322316994-6
943,According to Spencer,Othello Dunaway,173765014-2
944,Newsfront,Ancell Aris,318133938-5
945,"Bridge, The (Most)",Chance Betz,903166488-X
946,"Flesh Merchant, The (Wild and Wicked, The)",Reinwald Shemelt,177759251-8
947,American Ninja 5,Humberto Younger,626811380-2
948,Canned Dreams (Säilöttyjä unelmia),Riley McFarland,445103710-7
949,Analyze That,Cathe Rubinfajn,747836482-9
950,Barefoot (Barfuss),Gwendolen Gorham,733435462-1
951,"Guyver, The",Octavia Batts,630220271-X
952,Indian Summer,Raf Windram,064456182-3
953,The Sex and Violence Family Hour,Gussie Ornells,457939249-3
954,Mezzo Forte,Shawna Emms,286668268-8
955,"Sentinel, The",Minny Bridgement,164604228-X
956,"Marquise of O, The (Marquise von O..., Die)",Huntlee Brocklesby,254075946-7
957,Meetin' WA,Anet Coaster,650640677-1
958,Burning Palms,Myca Tyre,729001720-X
959,El Lobo,Corty Cramer,604227037-0
960,We Live Again,Clarabelle Hallybone,595369768-6
961,"Hitchhiker's Guide to the Galaxy, The",Cos Bonehill,138418362-0
962,Made in America,Adelaide Cheel,923150140-2
963,Cut and Run (Inferno in diretta),Barbabas Fussie,447407776-8
964,Queen of the Damned,Sanders Irdale,431509350-5
965,Distant Thunder (Ashani Sanket),Laryssa de Courcey,829222725-3
966,Vital,Carissa Arnison,864687034-0
967,"Kindred, The",Von Ruos,711128787-8
968,Joanna,Payton Gritland,103767754-4
969,"Baby, the Rain Must Fall",Dennet Abethell,258268352-3
970,Tokyo Joe,Ricard Panniers,950534781-2
971,Secret Sunshine (Milyang),Rebbecca Reidie,323639942-2
972,"Acla, The Descent into Floristella (La discesa di Aclà a Floristella)",Candice Coviello,728871850-6
973,Hurry Sundown,Brose Bertomieu,381695803-6
974,"Satan Bug, The",Leora Fibbens,202938280-9
975,Family Business,Thedric Dumphy,167055392-2
976,No Man's Land,Kinnie Lemoir,033878140-4
977,"Glenn Miller Story, The",Gypsy Hartles,554743131-1
978,Juno and the Paycock,Kristoffer Tidbold,982809068-6
979,"Devil and Max Devlin, The",Robbie Yurlov,028165978-8
980,Reclaim,Jacklyn Drinkwater,709102723-X
981,"Loveless, The (Breakdown)",Shayna Simonett,613886740-8
982,Killing Lincoln,Caresse Cow,759850232-3
983,Medium Cool,Yetta Legge,813054292-7
984,Rescue Dawn,Reiko Poynser,533634824-4
985,"Flight of the Red Balloon (Voyage du ballon rouge, Le)",Mimi Hollingsby,815587589-X
986,Carancho,Francene Aartsen,160031474-0
987,Ecstasy (Éxtasis),Derk Norway,623752562-9
988,Fruitvale Station,Allegra Abrahamsen,348941049-1
989,Scatter My Ashes at Bergdorf's,Margie McCart,832169641-4
990,6 Bullets,Rozele Mocquer,400345623-8
991,"Guardian, The",Felita Scotts,236145241-3
992,Chain of Fools,Tandie Wooffitt,296395780-7
993,Varan the Unbelievable,Artemas Beuscher,800438326-2
994,Symmetry (Symetria),Shaylynn Chastaing,065469838-4
995,Glue,Saree Sussams,234179941-8
996,"Strawberry Blonde, The",Arnold Doneld,363781856-6
997,7 Faces of Dr. Lao,Fairleigh Giabucci,017881717-1
998,Strange Invaders,Erminie Ferguson,617452655-0
999,"Honeymoon Killers, The",Alvira Swindin,274601427-0
1000,Shout,Willy Connolly,415144762-8
