{"ContentRoots":["C:\\Users\\School\\OneDrive - East Tennessee State University\\Documents\\CSCI 2910 - ServerSideWeb\\Lab5\\Lab5BlazorApp\\wwwroot\\","C:\\Users\\School\\OneDrive - East Tennessee State University\\Documents\\CSCI 2910 - ServerSideWeb\\Lab5\\Lab5BlazorApp\\obj\\Debug\\net8.0\\scopedcss\\bundle\\"],"Root":{"Children":{"app.css":{"Children":null,"Asset":{"ContentRootIndex":0,"SubPath":"app.css"},"Patterns":null},"bootstrap":{"Children":{"bootstrap.min.css":{"Children":null,"Asset":{"ContentRootIndex":0,"SubPath":"bootstrap/bootstrap.min.css"},"Patterns":null},"bootstrap.min.css.map":{"Children":null,"Asset":{"ContentRootIndex":0,"SubPath":"bootstrap/bootstrap.min.css.map"},"Patterns":null}},"Asset":null,"Patterns":null},"favicon.png":{"Children":null,"Asset":{"ContentRootIndex":0,"SubPath":"favicon.png"},"Patterns":null},"Lab5BlazorApp.styles.css":{"Children":null,"Asset":{"ContentRootIndex":1,"SubPath":"Lab5BlazorApp.styles.css"},"Patterns":null}},"Asset":null,"Patterns":[{"ContentRootIndex":0,"Pattern":"**","Depth":0}]}}