"1","Dannye Jarrad2","djarrad0@dagondesign.com"
"3","Ewell Ducaen","educaen2@ucla.edu"
"4","Jacobo Bamber","jbamber3@omniture.com"
"5","Leighton Michel","lmichel4@e-recht24.de"
"6","Jens MacNaughton","jmacnaughton5@chicagotribune.com"
"7","Ulysses Robbs","urobbs6@e-recht24.de"
"8","Stormy Creevy","screevy7@economist.com"
"9","Mariejeanne Pickburn","mpickburn8@hexun.com"
"10","Farrel Groucutt","fgroucutt9@alexa.com"
"11","Gweneth Littell","glittella@salon.com"
"12","Booth Hanratty","bhanrattyb@arstechnica.com"
"13","Eloise Heliet","ehelietc@usda.gov"
"14","Dennis End","dendd@fastcompany.com"
"15","Taddeusz Lippingwell","tlippingwelle@scribd.com"
"16","Michelina Gearing","mgearingf@de.vu"
"17","Peggie Lawless","plawlessg@elpais.com"
"18","Brnaby Houlworth","bhoulworthh@indiatimes.com"
"19","Marta Percifer","mperciferi@apache.org"
"20","Emmerich Blain","eblainj@slashdot.org"
"21","Alexina Kervin","akervink@hibu.com"
"22","Vinny Skally","vskallyl@cyberchimps.com"
"23","Feodor Miroy","fmiroym@cargocollective.com"
"24","Pail Bisterfeld","pbisterfeldn@businesswire.com"
"25","Darcee Brightey","dbrighteyo@auda.org.au"
"26","Debee Heakey","dheakeyp@home.pl"
"27","Maryl Bolin","mbolinq@hud.gov"
"28","Carlie Milroy","cmilroyr@gmpg.org"
"29","Hobart Duran","hdurans@archive.org"
"30","Sydel Najera","snajerat@so-net.ne.jp"
"31","Linnea Stegell","lstegellu@shop-pro.jp"
"32","Lilia Conry","lconryv@tumblr.com"
"33","Salvador Lismer","slismerw@icq.com"
"34","Angie Sweatland","asweatlandx@paypal.com"
"35","Ogden Bittleson","obittlesony@trellian.com"
"36","Ulrika Gorthy","ugorthyz@fastcompany.com"
"37","Rafaello Brookwood","rbrookwood10@geocities.jp"
"38","Carola Stronge","cstronge11@cnet.com"
"39","Lonny Ruegg","lruegg12@state.tx.us"
"40","Jasmine Picknett","jpicknett13@businessweek.com"
"41","Carmelita Matherson","cmatherson14@instagram.com"
"42","Robbyn Hartzog","rhartzog15@sakura.ne.jp"
"43","Thedric Edmunds","tedmunds16@rakuten.co.jp"
"44","Dennie Arbuckle","darbuckle17@mayoclinic.com"
"45","Elliot Jephcott","ejephcott18@icq.com"
"46","Remus Bugbird","rbugbird19@biblegateway.com"
"47","Cristi Yearron","cyearron1a@lycos.com"
"48","Eleonore Candlish","ecandlish1b@wix.com"
"49","Kissie Bloy","kbloy1c@so-net.ne.jp"
"50","Mariann Harness","mharness1d@jugem.jp"
"51","Erin Breston","ebreston1e@salon.com"
"52","Mychal Read","mread1f@behance.net"
"53","Arielle Aslum","aaslum1g@usa.gov"
"54","Lovell Hertwell","lhertwell1h@netvibes.com"
"55","Veda Sweeting","vsweeting1i@npr.org"
"56","Wolfie Shelp","wshelp1j@istockphoto.com"
"57","Joby Bartozzi","jbartozzi1k@google.co.jp"
"58","Kacey Jilliss","kjilliss1l@smh.com.au"
"59","Neel Sabbatier","nsabbatier1m@usatoday.com"
"60","Erich Devereux","edevereux1n@networkadvertising.org"
"61","Justen Rollinson","jrollinson1o@arizona.edu"
"62","Kincaid Cocking","kcocking1p@psu.edu"
"63","Alexander Bolduc","abolduc1q@blogtalkradio.com"
"64","Jedediah Patek","jpatek1r@cbslocal.com"
"65","Lauri Schaben","lschaben1s@dell.com"
"66","Jenine Mechic","jmechic1t@webs.com"
"67","Zolly Lea","zlea1u@woothemes.com"
"68","Guillermo McElrath","gmcelrath1v@paypal.com"
"69","Tiffi Llewhellin","tllewhellin1w@ask.com"
"70","Marvin Girardey","mgirardey1x@w3.org"
"71","Georgianna Adamiec","gadamiec1y@wikispaces.com"
"72","Darrell McAvinchey","dmcavinchey1z@mozilla.org"
"73","Gannie Bendel","gbendel20@jalbum.net"
"74","Lotta Grove","lgrove21@wordpress.org"
"75","Kerk Wilfling","kwilfling22@people.com.cn"
"76","Bren McWaters","bmcwaters23@constantcontact.com"
"77","Irvine Keller","ikeller24@yandex.ru"
"78","Myranda Hammerman","mhammerman25@ihg.com"
"79","Liva Stacey","lstacey26@cisco.com"
"80","Camille Benois","cbenois27@feedburner.com"
"81","Jasmina Reinbach","jreinbach28@businessinsider.com"
"82","Tarra Hearnshaw","thearnshaw29@homestead.com"
"83","Herrick Herkess","hherkess2a@cyberchimps.com"
"84","Jervis Prozillo","jprozillo2b@usa.gov"
"85","Evvie Backshaw","ebackshaw2c@plala.or.jp"
"86","Aryn Deuss","adeuss2d@army.mil"
"87","Yule Ewers","yewers2e@wikipedia.org"
"88","Willard Adamovich","wadamovich2f@mapquest.com"
"89","Dulsea Teulier","dteulier2g@webmd.com"
"90","Joey Polley","jpolley2h@fotki.com"
"91","Carree Kirby","ckirby2i@furl.net"
"92","Katinka Willmott","kwillmott2j@sohu.com"
"93","Corissa Cartin","ccartin2k@i2i.jp"
"94","Jared Duffill","jduffill2l@xinhuanet.com"
"95","Adham Shafto","ashafto2m@msu.edu"
"96","Yardley Ogles","yogles2n@marketwatch.com"
"97","Isabel Espinas","iespinas2o@zimbio.com"
"98","Esta Mingotti","emingotti2p@livejournal.com"
"99","Marlowe Walicki","mwalicki2q@zdnet.com"
"100","Evaleen Boyle","eboyle2r@yellowpages.com"
